"","sr_group","ag_name","all_below_thresh","logtiter","lower","upper","titer"
"1","alpha conv.","Alpha",FALSE,5.77078575889477,4.612565407766,6.84962755717333,"545.983617866595"
"2","alpha conv.","BA.1",FALSE,-0.453497991668882,-19.7649216366835,2.09797829525742,"7.3027007002821"
"3","alpha conv.","BA.2",FALSE,0.75579452497834,-3.26731789973233,2.82137797769737,"16.8856126534174"
"4","alpha conv.","BA.2.12.1",FALSE,-0.636544761897138,-24.6258044586339,2.91696387196182,"6.43251685838937"
"5","alpha conv.","BA.2.86",TRUE,-5.5942914640414,-201.298678762204,-1.71949816217612,"<20"
"6","alpha conv.","BA.5",FALSE,0.261854300008117,-7.42232663973169,2.55237570641208,"11.9901881692123"
"7","alpha conv.","BQ.1.1",FALSE,1.73980317485826,0.19048191346369,3.03962509946126,"33.3989598865429"
"8","alpha conv.","Beta",FALSE,3.11072470622633,1.04049130235308,4.83437328359312,"86.3816399468151"
"9","alpha conv.","CH.1.1",FALSE,1.37924919500174,-1.07741959011351,2.91488309724544,"26.0132957886358"
"10","alpha conv.","DV.7.1",FALSE,0.812991516020845,-2.57923608440126,2.37453387467811,"17.5685060502946"
"11","alpha conv.","Delta",FALSE,2.99198918896474,1.69041733726018,4.36476225419664,"79.5570173200869"
"12","alpha conv.","EG.5.1",FALSE,1.31470844023603,-1.15194617735825,2.94986677954953,"24.8752054324625"
"13","alpha conv.","FL.1.5.1",FALSE,1.15831841969393,-0.958084730181767,2.52102876917547,"22.3197121248003"
"14","alpha conv.","HK.3",FALSE,0.736041766539155,-2.62518497870361,2.3907216498283,"16.655997607739"
"15","alpha conv.","HV.1",FALSE,-0.533516312203713,-21.638452870955,2.59798578592351,"6.90868810645769"
"16","alpha conv.","JN.1",TRUE,-5.5942914640414,-202.629253139008,-1.42596172834248,"<20"
"17","alpha conv.","KP.2",FALSE,-0.477980165679959,-22.1868589680433,2.73052834708982,"7.17982126136098"
"18","alpha conv.","KP.3",TRUE,-5.5942914640414,-198.654872353343,-1.17998018559799,"<20"
"19","alpha conv.","KZ.1.1.1",TRUE,-5.5942914640414,-197.166796577019,-1.43560871377116,"<20"
"20","alpha conv.","Wuhan",FALSE,3.86272364665515,2.60524428426603,5.11476169965643,"145.477450897988"
"21","alpha conv.","XBB.1",FALSE,1.86485690267284,0.228513178780446,3.28843537609621,"36.4231804399718"
"22","alpha conv.","XBB.1.5",FALSE,1.27278160877646,-0.924857229740245,2.92080844433842,"24.1626989077643"
"23","alpha conv.","XBC.1.6",FALSE,1.14965284221835,-0.805943802660125,2.47015731770629,"22.1860501378421"
"24","BA.1 conv.","Alpha",FALSE,1.89887973431956,1.07544605341555,2.64825044194953,"37.2923505697785"
"25","BA.1 conv.","BA.1",FALSE,4.20371688600882,3.3918629967095,5.09465531286811,"184.265858957237"
"26","BA.1 conv.","BA.2",FALSE,3.3230955432373,2.42313459527838,4.22105787944958,"100.080954103381"
"27","BA.1 conv.","BA.2.12.1",FALSE,2.3143574525738,1.38292572161022,3.21516136729352,"49.7383087532678"
"28","BA.1 conv.","BA.2.86",TRUE,-5.86139317155563,-197.267095072446,-2.84545126453694,"<20"
"29","BA.1 conv.","BA.5",FALSE,0.946943527703029,-0.21380630003294,1.61410099743444,"19.277841535667"
"30","BA.1 conv.","BQ.1.1",FALSE,0.520643589374981,-2.27124845742303,1.49978569179958,"14.3459508125521"
"31","BA.1 conv.","Beta",FALSE,1.88805513733131,0.976620251327291,2.70077802557742,"37.0135916905062"
"32","BA.1 conv.","CH.1.1",FALSE,0.237192458388724,-3.94875679633011,1.20436748651651,"11.7869663780057"
"33","BA.1 conv.","DV.7.1",FALSE,1.06763354213175,-0.325027303582119,1.8972791070646,"20.9599248195714"
"34","BA.1 conv.","Delta",FALSE,1.87685916666244,1.05166558152717,2.634510517875,"36.7274610472661"
"35","BA.1 conv.","EG.5.1",FALSE,-0.333139930171164,-10.213318188049,1.20766672898526,"7.9380693411388"
"36","BA.1 conv.","FL.1.5.1",FALSE,0.0431186015718695,-5.65931079141548,1.55912015574881,"10.3033865257412"
"37","BA.1 conv.","HK.3",FALSE,-0.868042082870012,-21.2574352058226,0.817643435322852,"5.47889901249053"
"38","BA.1 conv.","HV.1",FALSE,-0.957182418814636,-22.362068908338,0.796552113948797,"5.15061846682582"
"39","BA.1 conv.","JN.1",TRUE,-5.86139317155563,-199.797290807566,-1.70278805155019,"<20"
"40","BA.1 conv.","KP.2",FALSE,-5.82856541839139,-195.784872488352,-1.79517521032965,"0.175965276948575"
"41","BA.1 conv.","KP.3",FALSE,-5.82856541839139,-195.367639260203,-1.66613501734993,"0.175965276948575"
"42","BA.1 conv.","KZ.1.1.1",FALSE,-5.82856541839139,-198.704949884365,-2.58059058082933,"0.175965276948575"
"43","BA.1 conv.","Wuhan",FALSE,0.821994325368288,-1.00364238860562,1.7770232786167,"17.6784810853952"
"44","BA.1 conv.","XBB.1",FALSE,0.0954149385507718,-5.51114217312865,1.6072056651689,"10.6837264224398"
"45","BA.1 conv.","XBB.1.5",FALSE,-0.492408525691818,-11.0754040862852,1.17283210481278,"7.10837390083146"
"46","BA.1 conv.","XBC.1.6",FALSE,0.469181254958798,-2.42472757298306,1.5326484953773,"13.8432362651307"
"47","BA.2.12.1 conv.","Alpha",FALSE,1.91931494848006,-0.331849989597355,4.2115146946321,"37.8243410361839"
"48","BA.2.12.1 conv.","BA.1",FALSE,0.773564814449127,-4.29895543630434,3.99308226912708,"17.0948861479966"
"49","BA.2.12.1 conv.","BA.2",FALSE,2.03945001097698,-0.300198422847509,4.4011741884564,"41.1088784147017"
"50","BA.2.12.1 conv.","BA.2.12.1",FALSE,1.94279408451556,-0.411016795615061,4.31989185103627,"38.4449495063855"
"51","BA.2.12.1 conv.","BA.2.86",TRUE,-5.31852314562899,-198.344837970359,-0.109614902544955,"<20"
"52","BA.2.12.1 conv.","BA.5",FALSE,0.0513558786044893,-15.712264590488,4.8635208075153,"10.3623834742651"
"53","BA.2.12.1 conv.","BQ.1.1",TRUE,-5.31852314562899,-194.935876550516,-0.759257935610847,"<20"
"54","BA.2.12.1 conv.","Beta",FALSE,0.175535423773521,-15.3953225197725,5.60734464057765,"11.2938347227851"
"55","BA.2.12.1 conv.","CH.1.1",TRUE,-5.31852314562899,-197.800969043232,-0.787623503116212,"<20"
"56","BA.2.12.1 conv.","DV.7.1",TRUE,-5.31852314562899,-200.348979703409,-0.462766981176713,"<20"
"57","BA.2.12.1 conv.","Delta",FALSE,1.63486177465024,-4.56365084920041,5.44430782889293,"31.0557793873893"
"58","BA.2.12.1 conv.","EG.5.1",FALSE,0.109155494584097,-15.981046450916,5.21498693491504,"10.7859667726198"
"59","BA.2.12.1 conv.","FL.1.5.1",TRUE,-5.31852314562899,-198.508559905082,-0.408495602681828,"<20"
"60","BA.2.12.1 conv.","HK.3",TRUE,-5.31852314562899,-195.876461990774,-0.526335860770773,"<20"
"61","BA.2.12.1 conv.","HV.1",FALSE,0.700548686852345,-4.06424244184075,3.50319376857308,"16.2512274308725"
"62","BA.2.12.1 conv.","JN.1",TRUE,-5.31852314562899,-198.183231109139,-0.407573850963615,"<20"
"63","BA.2.12.1 conv.","KP.2",TRUE,-5.31852314562899,-199.575396716817,0.411895038606467,"<20"
"64","BA.2.12.1 conv.","KP.3",TRUE,-5.31852314562899,-200.277117561616,-0.418660617410499,"<20"
"65","BA.2.12.1 conv.","KZ.1.1.1",TRUE,-5.31852314562899,-197.624478517884,-0.610180274750697,"<20"
"66","BA.2.12.1 conv.","Wuhan",FALSE,0.259868072086651,-17.4407491381993,5.48369113140521,"11.9736920563321"
"67","BA.2.12.1 conv.","XBB.1",FALSE,0.415187192993963,-19.0676684045669,6.76775461210054,"13.3347168687975"
"68","BA.2.12.1 conv.","XBB.1.5",TRUE,-5.31852314562899,-201.578568318071,-0.733436102061102,"<20"
"69","BA.2.12.1 conv.","XBC.1.6",FALSE,0.0585930913244007,-15.2505032864514,4.68599419943571,"10.4144964920486"
"70","BA.4/5 conv.","Alpha",FALSE,1.53037947761949,0.926023767288302,2.07046304684249,"28.8861809544244"
"71","BA.4/5 conv.","BA.1",FALSE,0.476612998124987,-1.98488145130748,1.25606352361706,"13.9147308014103"
"72","BA.4/5 conv.","BA.2",FALSE,1.56776823437631,1.06631243293106,2.03482268109135,"29.6445774806551"
"73","BA.4/5 conv.","BA.2.12.1",FALSE,0.485235914464759,-2.16602576165728,1.31643105190715,"13.9981474941248"
"74","BA.4/5 conv.","BA.2.86",TRUE,-5.86139317155563,-196.601207110562,-1.38794110267867,"<20"
"75","BA.4/5 conv.","BA.5",FALSE,2.64582054036327,2.22576964743919,3.06809477074172,"62.5851569655329"
"76","BA.4/5 conv.","BQ.1.1",FALSE,-0.897291360408604,-21.9605848667793,0.863437169681193,"5.36893796127131"
"77","BA.4/5 conv.","Beta",FALSE,1.32467949112333,0.804835345371709,1.77501976723812,"25.0477235564597"
"78","BA.4/5 conv.","CH.1.1",FALSE,-0.888112276283022,-21.3874514756534,0.597600195299668,"5.40320649475095"
"79","BA.4/5 conv.","DV.7.1",TRUE,-5.86139317155563,-198.697225788454,-2.08836417889576,"<20"
"80","BA.4/5 conv.","Delta",FALSE,0.996744642178638,0.11094957625132,1.52964586203692,"19.9549220351233"
"81","BA.4/5 conv.","EG.5.1",TRUE,-5.86139317155563,-201.111188339407,-1.80412092003731,"<20"
"82","BA.4/5 conv.","FL.1.5.1",FALSE,-1.10614685359414,-24.8762521946914,0.673862695084127,"4.64533049363252"
"83","BA.4/5 conv.","HK.3",TRUE,-5.86139317155563,-197.479270271753,-1.59606192673551,"<20"
"84","BA.4/5 conv.","HV.1",FALSE,-0.20644950665323,-7.89027709481672,0.93622967935393,"8.66667490152921"
"85","BA.4/5 conv.","JN.1",TRUE,-5.86139317155563,-197.753669041327,-1.58319410211535,"<20"
"86","BA.4/5 conv.","KP.2",FALSE,-0.953841689515234,-24.1488135016845,0.514410193189893,"5.16255914668251"
"87","BA.4/5 conv.","KP.3",TRUE,-5.86139317155563,-198.96645085593,-2.25966688621064,"<20"
"88","BA.4/5 conv.","KZ.1.1.1",TRUE,-5.86139317155563,-196.233578230126,-2.30555424857713,"<20"
"89","BA.4/5 conv.","Wuhan",FALSE,-0.265508619599131,-8.3085539590039,1.00678871563724,"8.31905396222366"
"90","BA.4/5 conv.","XBB.1",FALSE,0.206828328429918,-3.52048334963581,1.16324139630734,"11.5414807303652"
"91","BA.4/5 conv.","XBB.1.5",FALSE,0.69098721633368,-1.02598010352154,1.41303642925252,"16.1438784391638"
"92","BA.4/5 conv.","XBC.1.6",FALSE,-0.501586330271785,-10.5184460302012,0.953699930683607,"7.06329701904052"
"93","beta conv.","Alpha",FALSE,3.25367191983861,2.757371039153,3.79985286834219,"95.3790173838164"
"94","beta conv.","BA.1",FALSE,0.92114336170619,-0.571028066100167,1.74584080101307,"18.9361542313282"
"95","beta conv.","BA.2",FALSE,1.05176625444363,-0.864354867274954,2.09657885904543,"20.7306629647501"
"96","beta conv.","BA.2.12.1",FALSE,0.88375406600496,-0.576915182463532,1.65093834306747,"18.4517041514584"
"97","beta conv.","BA.2.86",TRUE,-5.86139317155563,-194.24729010237,-1.1437735323612,"<20"
"98","beta conv.","BA.5",FALSE,-0.370703260491562,-9.64140304880022,1.00635367541857,"7.73405398331378"
"99","beta conv.","BQ.1.1",FALSE,0.853916741601545,-0.61723911954516,1.63638736427731,"18.0740114478643"
"100","beta conv.","Beta",FALSE,3.50969907030264,2.77058536063913,4.27766019035122,"113.900254878307"
"101","beta conv.","CH.1.1",FALSE,-0.424131961167347,-10.7752162573988,1.01444563137162,"7.45287019987595"
"102","beta conv.","DV.7.1",FALSE,-0.690363892145071,-11.4740118470615,1.25825273058688,"6.19697523444129"
"103","beta conv.","Delta",FALSE,2.40657125038253,1.71885213727382,3.06424323353435,"53.0212708596929"
"104","beta conv.","EG.5.1",FALSE,-0.359059262874002,-10.0791326619747,1.02305572530111,"7.79672814636252"
"105","beta conv.","FL.1.5.1",FALSE,-0.28846197542064,-8.92626778990867,1.04284192095786,"8.18774470405141"
"106","beta conv.","HK.3",TRUE,-5.86139317155563,-197.950120041545,-2.20315017151441,"<20"
"107","beta conv.","HV.1",FALSE,-0.929627011249842,-22.0592110365898,0.532416276622477,"5.24994054183086"
"108","beta conv.","JN.1",TRUE,-5.86139317155563,-200.539497089351,-2.49678640867167,"<20"
"109","beta conv.","KP.2",FALSE,-0.958515041061045,-23.8177828085114,0.489823000563943,"5.14586301992801"
"110","beta conv.","KP.3",TRUE,-5.86139317155563,-202.615201710491,-1.98097414751061,"<20"
"111","beta conv.","KZ.1.1.1",TRUE,-5.86139317155563,-197.110938918447,-2.31850503824887,"<20"
"112","beta conv.","Wuhan",FALSE,1.7094795550406,0.207947625856107,2.78808463621627,"32.7042823091473"
"113","beta conv.","XBB.1",FALSE,0.471575437243218,-2.050830618005,1.2655104328366,"13.8662284750177"
"114","beta conv.","XBB.1.5",FALSE,-1.12271095248161,-26.3871642998897,0.753951751407999,"4.59230079815973"
"115","beta conv.","XBC.1.6",FALSE,-0.28807793312831,-8.20812892303672,0.927298316618236,"8.18992455406458"
"116","Beta vax. (single dose)","Alpha",FALSE,3.22074156267586,1.54354821841857,4.84514908690966,"93.2265941993686"
"117","Beta vax. (single dose)","BA.1",FALSE,1.10958551933526,-1.49333446361044,2.9734123903959,"21.578364459431"
"118","Beta vax. (single dose)","BA.2",FALSE,0.961966954590804,-1.4701769535293,2.82450085967252,"19.479639178148"
"119","Beta vax. (single dose)","BA.2.12.1",TRUE,-5.43645276175999,-199.86878605104,-1.02784273241058,"<20"
"120","Beta vax. (single dose)","BA.2.86",TRUE,-5.43645276175999,-195.937460971068,-0.299777020997681,"<20"
"121","Beta vax. (single dose)","BA.5",FALSE,2.06183000990761,0.511870200831416,3.57519930968041,"41.7515572981366"
"122","Beta vax. (single dose)","BQ.1.1",TRUE,-5.43645276175999,-202.186558797321,-1.29082423412494,"<20"
"123","Beta vax. (single dose)","Beta",FALSE,4.88251480412873,3.09491477007372,6.65908656340622,"294.973777783084"
"124","Beta vax. (single dose)","CH.1.1",TRUE,-5.43645276175999,-195.172850421485,-0.738602583452874,"<20"
"125","Beta vax. (single dose)","DV.7.1",TRUE,-5.43645276175999,-197.585904479252,-0.55796499140834,"<20"
"126","Beta vax. (single dose)","Delta",FALSE,2.78361076949552,1.3040043778159,4.43243116888262,"68.8573552577167"
"127","Beta vax. (single dose)","EG.5.1",TRUE,-5.43645276175999,-197.185498800687,-0.717737220044818,"<20"
"128","Beta vax. (single dose)","FL.1.5.1",TRUE,-5.43645276175999,-199.649116302793,-0.245548665291711,"<20"
"129","Beta vax. (single dose)","HK.3",TRUE,-5.43645276175999,-198.209989313708,-0.687193954881945,"<20"
"130","Beta vax. (single dose)","HV.1",TRUE,-5.43645276175999,-194.669472399693,-0.439493090046604,"<20"
"131","Beta vax. (single dose)","JN.1",TRUE,-5.43645276175999,-197.772874191422,-0.505164298473229,"<20"
"132","Beta vax. (single dose)","KP.2",TRUE,-5.43645276175999,-200.109817769555,-1.13412337725742,"<20"
"133","Beta vax. (single dose)","KP.3",TRUE,-5.43645276175999,-201.048058522427,-0.136094791702419,"<20"
"134","Beta vax. (single dose)","KZ.1.1.1",TRUE,-5.43645276175999,-198.512968845479,-1.35561532723773,"<20"
"135","Beta vax. (single dose)","Wuhan",FALSE,3.19313965593554,1.5196443609409,4.77160875550415,"91.4599199185745"
"136","Beta vax. (single dose)","XBB.1",TRUE,-5.43645276175999,-195.718855490431,-0.991335102323287,"<20"
"137","Beta vax. (single dose)","XBB.1.5",FALSE,1.75593570810518,0.167849169415724,3.3270498070757,"33.774530343835"
"138","Beta vax. (single dose)","XBC.1.6",TRUE,-5.43645276175999,-197.922507625458,-0.668314948454757,"<20"
"139","delta conv.","Alpha",FALSE,3.16101034351753,2.69694030269145,3.64252878466267,"89.44558936228"
"140","delta conv.","BA.1",FALSE,0.521361606046028,-1.56586295462273,1.38516513874837,"14.3530924434899"
"141","delta conv.","BA.2",FALSE,0.571541858228854,-1.2661253005838,1.457300981338,"14.8611098056736"
"142","delta conv.","BA.2.12.1",FALSE,-0.326395401309862,-7.92999426832582,0.634328961596208,"7.97526630690212"
"143","delta conv.","BA.2.86",TRUE,-5.96950323443355,-199.530459198188,-2.04512579244304,"<20"
"144","delta conv.","BA.5",FALSE,0.613927355411398,-0.646200518264764,1.13268470549278,"15.3041970605944"
"145","delta conv.","BQ.1.1",FALSE,0.228230344832737,-2.55123099565478,0.994691905438609,"11.7139719492849"
"146","delta conv.","Beta",FALSE,1.72484464045862,0.522775357243149,2.63524834433966,"33.0544529986953"
"147","delta conv.","CH.1.1",TRUE,-5.96950323443355,-198.804856049967,-2.21501639515116,"<20"
"148","delta conv.","DV.7.1",TRUE,-5.96950323443355,-199.287406484365,-2.00684508468338,"<20"
"149","delta conv.","Delta",FALSE,3.44510469401073,2.77836087200695,4.17231060144113,"108.913032673172"
"150","delta conv.","EG.5.1",FALSE,-2.13495916531841,-34.4123951993367,-0.016998865093953,"2.27673902490113"
"151","delta conv.","FL.1.5.1",FALSE,0.0267727644187646,-4.07771939652573,0.797232377219557,"10.187307260433"
"152","delta conv.","HK.3",TRUE,-5.96950323443355,-201.535616507581,-2.14000252386471,"<20"
"153","delta conv.","HV.1",TRUE,-5.96950323443355,-196.349399030028,-1.23480796934301,"<20"
"154","delta conv.","JN.1",TRUE,-5.96950323443355,-199.349497897192,-2.90986578710185,"<20"
"155","delta conv.","KP.2",FALSE,-1.09683488892387,-22.3445315393398,0.409104148987053,"4.67541104152597"
"156","delta conv.","KP.3",TRUE,-5.96950323443355,-196.983096731661,-2.68338929255346,"<20"
"157","delta conv.","KZ.1.1.1",TRUE,-5.96950323443355,-201.207078605901,-2.20584188065866,"<20"
"158","delta conv.","Wuhan",FALSE,2.26592860940256,1.6921465620975,2.7994362626749,"48.0963898860801"
"159","delta conv.","XBB.1",FALSE,-1.32219845054094,-28.3014670881644,0.314037476384568,"3.99925048519423"
"160","delta conv.","XBB.1.5",FALSE,0.841554410227282,0.109642684069239,1.2507367976227,"17.9197984402724"
"161","delta conv.","XBC.1.6",TRUE,-5.96950323443355,-200.927787024753,-2.29182435995981,"<20"
"162","gamma conv.","Alpha",FALSE,2.60200926424151,1.44434944531965,3.82134075038543,"60.7131599862281"
"163","gamma conv.","BA.1",FALSE,0.799601768866839,-2.40096524535486,2.27359060015351,"17.4062059192026"
"164","gamma conv.","BA.2",FALSE,0.70462290757885,-2.43855522143426,2.20691894850817,"16.297186323793"
"165","gamma conv.","BA.2.12.1",FALSE,0.986730809311751,-0.728527154828814,2.13915749780799,"19.8168933106134"
"166","gamma conv.","BA.2.86",TRUE,-5.5942914640414,-198.127177231045,-1.48653278264624,"<20"
"167","gamma conv.","BA.5",FALSE,0.249759791199707,-5.49515773884521,1.96213102099266,"11.8900912843828"
"168","gamma conv.","BQ.1.1",FALSE,0.745832788695705,-2.27295364726425,2.22461689717107,"16.7694199661271"
"169","gamma conv.","Beta",FALSE,2.5422844633246,0.56282372059116,4.06985156222044,"58.2510664788996"
"170","gamma conv.","CH.1.1",FALSE,0.298555416489876,-5.91855847250252,2.01533943773885,"12.2991227435825"
"171","gamma conv.","DV.7.1",TRUE,-5.5942914640414,-200.170990307718,-1.32359714106629,"<20"
"172","gamma conv.","Delta",FALSE,2.07573446225024,0.275573113728221,3.54589572276064,"42.1558971404222"
"173","gamma conv.","EG.5.1",TRUE,-5.5942914640414,-198.019899404169,-1.58912435900161,"<20"
"174","gamma conv.","FL.1.5.1",TRUE,-5.5942914640414,-197.389395891692,-1.97712941186313,"<20"
"175","gamma conv.","HK.3",TRUE,-5.5942914640414,-198.282542814946,-0.975699278956611,"<20"
"176","gamma conv.","HV.1",TRUE,-5.5942914640414,-197.967260836001,-0.497776203458223,"<20"
"177","gamma conv.","JN.1",TRUE,-5.5942914640414,-197.976189551912,-0.687688644287306,"<20"
"178","gamma conv.","KP.2",FALSE,-0.44752018023939,-18.9850238008115,1.94011795927511,"7.33302223886514"
"179","gamma conv.","KP.3",TRUE,-5.5942914640414,-199.314802482901,-1.44209860352915,"<20"
"180","gamma conv.","KZ.1.1.1",TRUE,-5.5942914640414,-198.901427639663,-0.804568056059981,"<20"
"181","gamma conv.","Wuhan",FALSE,1.81352988279738,0.266990069162051,3.01996948723948,"35.150126535292"
"182","gamma conv.","XBB.1",TRUE,-5.5942914640414,-200.237826715149,-1.68404407255833,"<20"
"183","gamma conv.","XBB.1.5",TRUE,-5.5942914640414,-199.50094601128,-1.81507276553203,"<20"
"184","gamma conv.","XBC.1.6",TRUE,-5.5942914640414,-197.596392566948,-1.41459544280212,"<20"
"185","Wuhan conv.","Alpha",FALSE,5.82780283119248,4.2795220254888,7.32268592535156,"567.993624561376"
"186","Wuhan conv.","BA.1",FALSE,-0.350955968509426,-22.6850476047476,3.40811269457623,"7.84064383593556"
"187","Wuhan conv.","BA.2",FALSE,2.33354182619243,0.627297085591956,3.84926238986472,"50.4041256840723"
"188","Wuhan conv.","BA.2.12.1",FALSE,1.76222368129472,-0.365936475572854,3.46501224863242,"33.9220575911176"
"189","Wuhan conv.","BA.2.86",FALSE,-0.325340025196194,-17.7876010473899,2.44975575741973,"7.98110259571314"
"190","Wuhan conv.","BA.5",FALSE,1.28285637907874,-2.26795869502984,3.34438262086448,"24.3320247884165"
"191","Wuhan conv.","BQ.1.1",FALSE,2.80757806714159,0.275802084226119,4.90760558969734,"70.0108279043748"
"192","Wuhan conv.","Beta",FALSE,5.05014329202726,3.05865947247377,6.97523914520076,"331.317681283779"
"193","Wuhan conv.","CH.1.1",FALSE,2.61866401654279,0.0805665502634736,4.63728026027181,"61.4181057063116"
"194","Wuhan conv.","DV.7.1",FALSE,-0.329812926330659,-20.5223182250738,2.68875279656792,"7.95639647330226"
"195","Wuhan conv.","Delta",FALSE,3.53369513561968,1.80678885597336,5.34873485175904,"115.810578589472"
"196","Wuhan conv.","EG.5.1",FALSE,2.17524895205583,0.00818561799352396,3.94863671076191,"45.1663694473048"
"197","Wuhan conv.","FL.1.5.1",FALSE,2.28792623225372,0.878808939884662,3.63319574206699,"48.8353633977458"
"198","Wuhan conv.","HK.3",FALSE,1.56594869349119,-0.314247748702827,3.00852983753739,"29.6072130210889"
"199","Wuhan conv.","HV.1",FALSE,0.859391747256293,-2.12231399786338,2.40038195493156,"18.1427323603063"
"200","Wuhan conv.","JN.1",TRUE,-5.52491297828583,-198.630551761432,-0.910916796909355,"<20"
"201","Wuhan conv.","KP.2",FALSE,0.473580320121284,-5.54879577920051,2.49883571266165,"13.8855114758366"
"202","Wuhan conv.","KP.3",TRUE,-5.52491297828583,-199.058756432478,-1.26366403220228,"<20"
"203","Wuhan conv.","KZ.1.1.1",TRUE,-5.52491297828583,-202.450341220039,-1.32088857230645,"<20"
"204","Wuhan conv.","Wuhan",FALSE,5.77703286706235,4.49010529633601,7.17290421779189,"548.352943328198"
"205","Wuhan conv.","XBB.1",FALSE,3.03543116637889,1.55135348324867,4.53577390101953,"81.9890455718762"
"206","Wuhan conv.","XBB.1.5",FALSE,2.65772971195623,1.3392063431773,4.01752240845248,"63.1039236787073"
"207","Wuhan conv.","XBC.1.6",FALSE,1.2296166198412,-2.38018372570804,3.29310532706325,"23.4504664559604"
"208","Wuhan vax. (single dose)","Alpha",FALSE,4.48478855640911,2.6120765063218,6.34517012034756,"223.900920829114"
"209","Wuhan vax. (single dose)","BA.1",FALSE,0.604657624862289,-4.59534733365761,2.98768097832847,"15.2061784292418"
"210","Wuhan vax. (single dose)","BA.2",FALSE,1.12917723883653,-1.48041405818641,3.13848982259683,"21.8733961882232"
"211","Wuhan vax. (single dose)","BA.2.12.1",TRUE,-5.43645276175999,-197.778696085226,-0.860760339670733,"<20"
"212","Wuhan vax. (single dose)","BA.2.86",FALSE,0.723572358372663,-5.47911457163294,3.34991020024852,"16.5126579144611"
"213","Wuhan vax. (single dose)","BA.5",FALSE,1.73597987811786,0.236230508338178,3.28370992928399,"33.3105662353287"
"214","Wuhan vax. (single dose)","BQ.1.1",FALSE,2.43626029387496,0.87922275607944,3.86887429158656,"54.1236934643018"
"215","Wuhan vax. (single dose)","Beta",FALSE,2.25678284796487,0.537067685535304,4.19214032554234,"47.792454012927"
"216","Wuhan vax. (single dose)","CH.1.1",FALSE,1.34471194010189,-0.198980267819347,2.77601554932732,"25.3979479893717"
"217","Wuhan vax. (single dose)","DV.7.1",TRUE,-5.43645276175999,-198.217654197064,-0.753225895242675,"<20"
"218","Wuhan vax. (single dose)","Delta",FALSE,3.31946149905213,1.52734960453505,5.03828951905675,"99.8291746779529"
"219","Wuhan vax. (single dose)","EG.5.1",FALSE,0.735498229734932,-4.75377989163967,3.46732777148747,"16.6497236258667"
"220","Wuhan vax. (single dose)","FL.1.5.1",FALSE,-0.140693553817183,-17.9257649887918,3.27796886551616,"9.070829840611"
"221","Wuhan vax. (single dose)","HK.3",TRUE,-5.43645276175999,-198.029163764882,-0.29154826005832,"<20"
"222","Wuhan vax. (single dose)","HV.1",TRUE,-5.43645276175999,-197.722067620814,-0.817305720862265,"<20"
"223","Wuhan vax. (single dose)","JN.1",FALSE,-0.0358730566853391,-19.4436286938868,4.18020953045091,"9.75441287221339"
"224","Wuhan vax. (single dose)","KP.2",FALSE,-0.0309699092657323,-20.4011459553191,4.49376543585203,"9.78762064526008"
"225","Wuhan vax. (single dose)","KP.3",FALSE,0.771688547759605,-5.43072483447552,3.63798362454207,"17.0726682040651"
"226","Wuhan vax. (single dose)","KZ.1.1.1",TRUE,-5.43645276175999,-196.894213151903,-0.361557551030337,"<20"
"227","Wuhan vax. (single dose)","Wuhan",FALSE,4.85174330989459,3.1846465986246,6.54145231215729,"288.748852859759"
"228","Wuhan vax. (single dose)","XBB.1",FALSE,2.36763999673509,0.611179389996738,4.02577916001543,"51.6096195919005"
"229","Wuhan vax. (single dose)","XBB.1.5",FALSE,2.00132934951459,0.559579068764171,3.53750362914294,"40.0368743807817"
"230","Wuhan vax. (single dose)","XBC.1.6",TRUE,-5.43645276175999,-195.83163002057,-0.229586990821083,"<20"
"231","Wuhan vax. (two doses)","Alpha",FALSE,8.59951314470258,7.22728528502622,9.87994602921283,"3878.92519805755"
"232","Wuhan vax. (two doses)","BA.1",FALSE,3.76166333632424,2.20993689686471,5.33658309916373,"135.635539080672"
"233","Wuhan vax. (two doses)","BA.2",FALSE,5.04770264391134,3.33231929462458,6.83846920947745,"330.757655605312"
"234","Wuhan vax. (two doses)","BA.2.12.1",FALSE,3.86640976749508,1.85896657779714,5.75627649115258,"145.849624569305"
"235","Wuhan vax. (two doses)","BA.2.86",FALSE,1.65897647124855,0.208283609287937,3.00429062480507,"31.5792404415354"
"236","Wuhan vax. (two doses)","BA.5",FALSE,3.86265610520553,2.10475757400395,5.69557249917727,"145.470640361011"
"237","Wuhan vax. (two doses)","BQ.1.1",FALSE,2.79289059238354,1.3933763394416,4.10916335344221,"69.301692778596"
"238","Wuhan vax. (two doses)","Beta",FALSE,5.6532838465221,4.06309194565472,7.28158103658806,"503.278075890832"
"239","Wuhan vax. (two doses)","CH.1.1",TRUE,-5.5942914640414,-197.589163510398,-1.63626828669251,"<20"
"240","Wuhan vax. (two doses)","DV.7.1",FALSE,-0.483149414101131,-20.8801567657395,2.35730195750578,"7.15414163617838"
"241","Wuhan vax. (two doses)","Delta",FALSE,6.67597453709271,5.44243017825753,7.8870066690655,"1022.51240601959"
"242","Wuhan vax. (two doses)","EG.5.1",FALSE,1.19374191920483,-0.800564657800824,2.53961106937189,"22.8745271202037"
"243","Wuhan vax. (two doses)","FL.1.5.1",FALSE,-0.486791192606789,-20.9623964567813,2.27982031550778,"7.13610529273887"
"244","Wuhan vax. (two doses)","HK.3",FALSE,-0.481037202855859,-19.9629444969159,2.03752258459199,"7.16462349494575"
"245","Wuhan vax. (two doses)","HV.1",FALSE,-0.44747227634267,-19.2695131085781,1.74418365169051,"7.33326573188489"
"246","Wuhan vax. (two doses)","JN.1",FALSE,1.23066301077585,-1.02546756629347,2.74369422310536,"23.4674813176183"
"247","Wuhan vax. (two doses)","KP.2",FALSE,0.8933141228072,-2.93626239117952,2.64490626330003,"18.5743808678318"
"248","Wuhan vax. (two doses)","KP.3",FALSE,1.29251344134548,-0.959367059529504,2.76969429756911,"24.4954439907907"
"249","Wuhan vax. (two doses)","KZ.1.1.1",FALSE,0.696690743183659,-2.43454917561305,2.13115198864239,"16.207827707407"
"250","Wuhan vax. (two doses)","Wuhan",FALSE,9.81486587376961,8.60911441354306,10.9672693503093,"9006.76914623243"
"251","Wuhan vax. (two doses)","XBB.1",FALSE,1.01179248417246,-3.59174024649977,3.39825873671052,"20.1641484981139"
"252","Wuhan vax. (two doses)","XBB.1.5",FALSE,3.05839547848478,1.96562669037734,4.12157515518147,"83.3045605307987"
"253","Wuhan vax. (two doses)","XBC.1.6",FALSE,1.88958053485282,-0.967191420294601,3.92117668417319,"37.0527477827269"
"254","XBB.1.5 conv.","Alpha",FALSE,1.20541408928097,0.601767456536958,1.65530932811613,"23.0603448774575"
"255","XBB.1.5 conv.","BA.1",FALSE,-0.912863269618963,-22.8497471068044,0.678925504622494,"5.31129928317954"
"256","XBB.1.5 conv.","BA.2",FALSE,0.457103225100171,-1.87459574048021,1.20540482943694,"13.7278265059662"
"257","XBB.1.5 conv.","BA.2.12.1",FALSE,-0.266989631119969,-8.99361607563141,0.990921885057987,"8.31051834474652"
"258","XBB.1.5 conv.","BA.2.86",FALSE,-0.988643658206771,-22.872560918224,0.610509530751378,"5.0395133945893"
"259","XBB.1.5 conv.","BA.5",TRUE,-5.86139317155563,-197.219389668545,-1.88456286747363,"<20"
"260","XBB.1.5 conv.","BQ.1.1",FALSE,-0.212054895496,-7.76483035960854,0.97400104571162,"8.63306708560877"
"261","XBB.1.5 conv.","Beta",FALSE,0.170147802482843,-4.04609987926563,1.11946404597526,"11.2517375156843"
"262","XBB.1.5 conv.","CH.1.1",FALSE,0.677971484415447,-0.991663087218803,1.43014977788832,"15.9988863375894"
"263","XBB.1.5 conv.","DV.7.1",FALSE,0.157294951143833,-4.08158131908235,1.15725110314057,"11.1519419080176"
"264","XBB.1.5 conv.","Delta",FALSE,1.00898829954061,-0.534973501245361,1.80969639859698,"20.1249932527722"
"265","XBB.1.5 conv.","EG.5.1",FALSE,0.438783736253893,-2.04787772976431,1.25398061529983,"13.5546112441539"
"266","XBB.1.5 conv.","FL.1.5.1",FALSE,-0.366669721733521,-9.80128645002079,0.966129068385944,"7.7557073855802"
"267","XBB.1.5 conv.","HK.3",FALSE,-0.248553055348712,-8.34695695840205,0.998143101933756,"8.41740211688278"
"268","XBB.1.5 conv.","HV.1",FALSE,-0.22505522727026,-8.35518287082276,0.987613404772758,"8.55562273595732"
"269","XBB.1.5 conv.","JN.1",TRUE,-5.86139317155563,-195.883126660772,-1.80299738839556,"<20"
"270","XBB.1.5 conv.","KP.2",FALSE,0.667836270213727,-0.768868143415826,1.23476275012388,"15.886884915473"
"271","XBB.1.5 conv.","KP.3",FALSE,-0.899472108310162,-21.9778139870815,0.655746296092437,"5.36082851658192"
"272","XBB.1.5 conv.","KZ.1.1.1",TRUE,-5.86139317155563,-198.321961621138,-1.71343140759853,"<20"
"273","XBB.1.5 conv.","Wuhan",FALSE,-1.10164801041506,-25.1599155734294,0.500229313248923,"4.65983891808416"
"274","XBB.1.5 conv.","XBB.1",FALSE,-0.337636879029787,-9.217207979623,1.04897384924993,"7.91336452560299"
"275","XBB.1.5 conv.","XBB.1.5",FALSE,0.900259833594524,0.128514120411905,1.35043859805977,"18.664020972792"
"276","XBB.1.5 conv.","XBC.1.6",FALSE,-0.236027794708611,-8.84608199300675,1.04265043299049,"8.49079888065654"
"277","XBB.1.5 vax. (two doses)","Alpha",FALSE,3.34899751243474,0.726826265865824,5.62741381820931,"101.894022335318"
"278","XBB.1.5 vax. (two doses)","BA.1",FALSE,6.25414592373957,4.89351088132814,7.50860410120439,"763.282877877109"
"279","XBB.1.5 vax. (two doses)","BA.2",FALSE,8.00129246088781,6.90874620165313,9.0472293157297,"2562.29444359126"
"280","XBB.1.5 vax. (two doses)","BA.2.12.1",FALSE,7.31819750464412,5.6373459025074,9.05365509814602,"1595.86798770623"
"281","XBB.1.5 vax. (two doses)","BA.2.86",FALSE,7.99495055871122,6.82187896011855,9.16574401602233,"2551.0556464349"
"282","XBB.1.5 vax. (two doses)","BA.5",FALSE,7.02106686861198,5.61014549750173,8.48265659085106,"1298.82825864526"
"283","XBB.1.5 vax. (two doses)","BQ.1.1",FALSE,5.90058784938574,4.2646947716979,7.48672999051579,"597.384478949135"
"284","XBB.1.5 vax. (two doses)","Beta",FALSE,2.51053159967527,-0.158143119988079,4.7527629825687,"56.9830008706525"
"285","XBB.1.5 vax. (two doses)","CH.1.1",FALSE,5.25016742975604,3.78888706722044,6.8035826239068,"380.590443077029"
"286","XBB.1.5 vax. (two doses)","DV.7.1",FALSE,4.79784854881089,3.71864216989802,5.89909123950606,"278.161056914414"
"287","XBB.1.5 vax. (two doses)","Delta",FALSE,0.308958638922132,-13.2324300998108,4.68132631183457,"12.3881318135008"
"288","XBB.1.5 vax. (two doses)","EG.5.1",FALSE,8.11646448333275,7.17245169244945,9.0572386646822,"2775.23183193618"
"289","XBB.1.5 vax. (two doses)","FL.1.5.1",FALSE,8.26239374476062,7.20257542518397,9.29839892303129,"3070.63611239117"
"290","XBB.1.5 vax. (two doses)","HK.3",FALSE,8.66496324491729,7.8238573128046,9.45437037164291,"4058.95136951429"
"291","XBB.1.5 vax. (two doses)","HV.1",FALSE,8.37739822113766,7.50780491704711,9.23847274853969,"3325.43260170713"
"292","XBB.1.5 vax. (two doses)","JN.1",FALSE,7.36433081984438,5.87711995152756,8.81179504270472,"1647.72402762286"
"293","XBB.1.5 vax. (two doses)","KP.2",FALSE,7.18443893553167,5.26010190154513,9.22039484145212,"1454.55993700209"
"294","XBB.1.5 vax. (two doses)","KP.3",FALSE,6.63307143207492,5.17465964475778,8.1042603950261,"992.552447098632"
"295","XBB.1.5 vax. (two doses)","KZ.1.1.1",FALSE,6.13650427854723,4.25141638159557,7.97299892049304,"703.512561532835"
"296","XBB.1.5 vax. (two doses)","Wuhan",FALSE,6.81643576706521,5.61282050009005,8.04112182748363,"1127.07191882828"
"297","XBB.1.5 vax. (two doses)","XBB.1",FALSE,7.52526984017522,6.36868664402897,8.66277399845456,"1842.17950952628"
"298","XBB.1.5 vax. (two doses)","XBB.1.5",FALSE,10.2182069839856,9.00583304719506,11.3761390692015,"11912.0581301983"
"299","XBB.1.5 vax. (two doses)","XBC.1.6",FALSE,8.18130083880221,6.61036561840559,9.80740539354421,"2902.79894140282"
